{
  "version": 1,
  "author": "Anonymous maker",
  "editor": "wokwi",
  "parts": [
    { "type": "board-esp32-devkit-c-v4", "id": "esp", "top": -57.6, "left": -91.16, "attrs": {} },
    {
      "type": "wokwi-pushbutton",
      "id": "btn1",
      "top": 131,
      "left": 124.8,
      "attrs": { "color": "green", "xray": "1" }
    },
    {
      "type": "wokwi-pushbutton",
      "id": "btn2",
      "top": 63.8,
      "left": 124.8,
      "attrs": { "color": "green", "xray": "1" }
    },
    {
      "type": "wokwi-resistor",
      "id": "r1",
      "top": 24,
      "left": 57.05,
      "rotate": 90,
      "attrs": { "value": "1000" }
    },
    {
      "type": "wokwi-resistor",
      "id": "r2",
      "top": 24,
      "left": 47.45,
      "rotate": 90,
      "attrs": { "value": "1000" }
    },
    {
      "type": "wokwi-lcd1602",
      "id": "lcd1",
      "top": -147.2,
      "left": 159.2,
      "attrs": { "pins": "i2c" }
    }
  ],
  "connections": [
    [ "esp:TX", "$serialMonitor:RX", "", [] ],
    [ "esp:RX", "$serialMonitor:TX", "", [] ],
    [ "esp:GND.2", "lcd1:GND", "black", [ "v0" ] ],
    [ "esp:3V3", "lcd1:VCC", "green", [ "h-47.85", "v-76.8", "h307.2" ] ],
    [ "esp:22", "lcd1:SCL", "green", [ "h115.2", "v-76.8" ] ],
    [ "esp:21", "lcd1:SDA", "green", [ "h105.6", "v-115.2" ] ],
    [ "esp:GND.3", "btn1:2.r", "black", [ "h201.6", "v134.2" ] ],
    [ "btn2:2.r", "esp:GND.3", "green", [ "h19.4", "v-67" ] ],
    [ "btn1:2.r", "btn2:2.r", "green", [ "h19.4", "v-67" ] ],
    [ "esp:4", "btn2:1.l", "green", [ "h28.8", "v-9.6", "h-9.6" ] ],
    [ "r2:2", "btn1:1.l", "green", [ "h0", "v56.4", "h38.4", "v28.8", "h19.2" ] ],
    [ "esp:2", "btn1:1.l", "green", [ "h38.4", "v28.8", "h0", "v9.6" ] ],
    [ "r1:2", "btn2:1.l", "green", [ "h0" ] ],
    [ "r1:1", "lcd1:VCC", "green", [ "h9.6", "v-105.6" ] ],
    [ "r2:1", "lcd1:VCC", "green", [ "h0", "v-105.6" ] ]
  ],
  "dependencies": {}
}